channel_title,average_views
ChildishGambinoVEVO,1.503395506E8
BeckyGVEVO,5.91485643E7
LuisFonsiVEVO,5.34738794E7
MalumaVEVO,4.848486971875E7
Kylie Jenner,4.61064419E7
YouTube Spotlight,4.396602644444445E7
DrakeVEVO,4.168011414285714E7
TheWeekndVEVO,4.0990016E7
FoxStarHindi,3.87065579375E7
ArianaGrandeVevo,3.667346911627907E7
Cardi B,3.420825853333333E7
Daddy Yankee,2.94081308E7
Selena Gomez,2.924258867857143E7
David Dobrik,2.8383554555555556E7
ibighit,2.79488334875E7
CalvinHarrisVEVO,2.424568441860465E7
The Weeknd,2.33978156E7
jypentertainment,2.32339395625E7
Ed Sheeran,2.1963594914893616E7
ZaynVEVO,2.1501575666666668E7
Disney•Pixar,2.067037955E7
TaylorSwiftVEVO,2.0631748204081632E7
Logan Paul Vlogs,2.0181512625E7
JenniferLopezVEVO,1.8624235431818184E7
CelineDionVEVO,1.8607007545454547E7
shakiraVEVO,1.7485756714285713E7
Gorillaz,1.7308009785714287E7
Sony Pictures Entertainment,1.6276981795454545E7
KatyPerryVEVO,1.5185202722222222E7
Maroon5VEVO,1.5181466029411765E7
Bud Light,1.4927129857142856E7
FifthHarmonyVEVO,1.481943173076923E7
Blossom,1.4760052777777778E7
EminemVEVO,1.4496822212121213E7
Marvel Entertainment,1.4471991768E7
Dude Perfect,1.4275459374045802E7
LiamPayneVEVO,1.4266752E7
Bruno Mars,1.4208404866666667E7
Walt Disney Animation Studios,1.407787264E7
OVO Sound,1.3993099181818182E7
杰威爾音樂 JVR Music,1.381139527586207E7
Vevo,1.37916685E7
BackstreetBoysVEVO,1.349997674074074E7
GEazyMusicVEVO,1.3415771451612903E7
Diplo,1.2969591962962963E7
Coachella,1.2913356666666666E7
AbrahamMateoVEVO,1.2768289722222222E7
WINNER,1.26168398E7
J. Cole,1.2580622944444444E7
Turkish Airlines,1.2380891714285715E7
Ram Trucks,1.2301273555555556E7
NickyJamTV,1.21856569E7
EnriqueIglesiasVEVO,1.21515906875E7
NickiMinajAtVEVO,1.19561896E7
SelenaGomezVEVO,1.1824617888888888E7
Global Road Entertainment,1.1769347933333334E7
Clash Royale,1.1639946075E7
Intuit,1.160262775E7
jbalvinVEVO,1.144585525E7
5-Minute Crafts,1.1345085590909092E7
Rita Ora,1.106219294117647E7
Nicki Minaj,1.0510333166666666E7
Clean Bandit,1.0263847E7
Paramount Pictures,1.0111162951612903E7
CamilaCabelloVEVO,9816597.181818182
Jeep,9795352.777777778
Dua Lipa,9614830.461538462
CJENMMUSIC Official,9446925.272727273
JayRockVEVO,9252624.4
Mason Ramsey,9235716.333333334
SamSmithWorldVEVO,9229122.522727273
TWICE JAPAN OFFICIAL YouTube Channel,9192824.444444444
Collins Key,9145348.625
Illumination,9031182.4375
Conor Maynard,8893986.6
The Official Pokémon YouTube channel,8632876.666666666
Clash of Clans,8380916.666666667
Universal Pictures,8336862.4433962265
The Action Lab,8288574.225
How Ridiculous,8160873.586666667
20th Century Fox,8021278.6
ChainsmokersVEVO,7912008.37037037
Kanye West,7724317.391304348
Call of Duty,7692797.8292682925
TRYANGLE FILMS,7677156.666666667
John Lewis,7639348.25
ShawnMendesVEVO,7633281.637931035
HyundaiUSA,7553282.0
Lucas and Marcus,7489984.720930233
PinkVEVO,7438764.333333333
DemiLovatoVEVO,7431188.76
Cyberpunk 2077,7411625.0
T-Mobile,7373689.9375
KendrickLamarVEVO,7238027.25
The ACE Family,7178886.222222222
The New Yorker,7113515.347826087
SiaVEVO,6963081.844827586
justintimberlakeVEVO,6826246.705882353
CAguileraVEVO,6784719.38
iKON,6649242.2
nigahiga,6636136.97752809
Queen Naija,6517908.666666667
TheOdd1sOut,6492828.571428572
Marshmello,6481222.675675675
Prime Video,6402007.0
Dragonfoxgirl,6365235.0
PewDiePie,6318210.409090909
Lionsgate Movies,6225840.833333333
Samsung,6193010.461538462
Dwarf Mamba,6148761.625
MigosVEVO,6106745.4
BostonDynamics,5975256.490909091
Erika Costell,5965574.066666666
OK Go,5883310.571428572
Lucas the Spider,5752074.861111111
LIL UZI VERT,5738442.75
BANGTANTV,5710479.58974359
How It Should Have Ended,5626796.666666667
TheAngryGrandpaShow,5620465.375
Sidemen,5597278.28
Lele Pons,5596575.352941177
Алексей Навальный,5579079.0
Legendary,5365508.0
New Amsterdam,5357558.714285715
Apple,5236947.27027027
Bad Lip Reading,5180114.945652174
AsapSCIENCE,5162412.580645162
DreamWorksTV,5158372.166666667
Jason Derulo,5150541.44117647
Hulu,5108313.222222222
Desimpedidos,5031049.333333333
HalseyVEVO,4955923.914285715
ABC News (Australia),4948574.92
HvdH-Plane-Spotter,4895057.4
BuzzFeed Celeb,4837779.1228070175
Adult Swim,4822255.625
Bethesda Softworks,4803922.0
SMTOWN,4800197.513888889
Lil Wayne,4768150.444444444
Mike Austin,4722649.888888889
Troom Troom,4681968.461538462
Calvin Klein,4654069.0
David Guetta,4597522.066666666
FlorenceMachineVEVO,4524561.105263158
Shawn Mendes,4504049.741935484
HowToBasic,4495358.875
Major League Soccer,4452783.461538462
Primitive Survival Tool,4435513.923076923
Warner Bros. Pictures,4434285.28
MeghanTrainorVEVO,4423164.27118644
ThomasRhettVEVO,4414326.181818182
HaileeSteinfeldVEVO,4412448.111111111
Liza Koshy,4403920.088888889
K-MUSIC,4397935.230769231
Charlie Puth,4346582.273809524
Hannah Stocking,4330435.215686275
MLG Highlights,4308257.490566038
Mnet K-POP,4282879.571428572
Unbox Therapy,4264414.4625
SZAVEVO,4234390.926829268
Carter Sharer,4224622.944444444
camelsandfriends,4217371.095238095
ImagineDragonsVEVO,4160685.0
Budweiser,4084662.5714285714
LastWeekTonight,4064849.0416666665
Disney Movie Trailers,4043448.2711864407
Jess Glynne,4033566.15
John Mayer,4027324.476190476
gameslice,4017488.6666666665
Britain's Got Talent,4017443.229508197
SpaceX,3971123.28
Tide,3953868.1
shane,3934837.6666666665
The Game Theorists,3928524.595744681
Primitive Technology,3905848.5
DJKhaledVEVO,3905014.3571428573
Gordon Ramsay,3901464.8260869565
The Film Theorists,3897478.225490196
Martin Garrix,3892893.8571428573
Vat19,3810989.2592592593
Safiya Nygaard,3801686.287769784
Pinball Wiz,3776798.888888889
Groupon,3771764.285714286
JayZVEVO,3759503.2
Prince,3693199.789473684
BillieEilishVEVO,3678460.529411765
PitbullVEVO,3666849.1
MGM,3635756.2
Ariana Grande`,3624821.4444444445
CalumScottVEVO,3572382.1379310344
weezer,3553368.875
Liverpool FC,3485695.1
FiftyShadesVEVO,3465941.96
MBCentertainment,3462831.782608696
Kanye West - Topic,3452520.3333333335
TroyeSivanVEVO,3423839.192982456
All is Art,3402082.5555555555
carrieunderwoodVEVO,3390926.095238095
Wouldn't Change a Thing,3306462.2
BLACKPINK,3304805.2
joyner lucas,3300427.75
Ben Pluimer,3292419.153846154
Gabbie Hanna,3280326.7959183673
Ben Katz,3260338.5
Rudy Mancuso,3256744.8243243243
Fortnite,3225361.5
ZEDDVEVO,3219269.1666666665
Lil Peep,3211025.0
Andre Will Do It,3206410.8
A Chick Called Albert,3189209.0
JonTronShow,3183985.0
Gerry Litwin,3178407.25
Bebe Rexha,3175469.1363636362
Battlefield,3173294.6
MrBeast,3152600.714285714
Panic! At The Disco,3148776.529411765
Focus Features,3133353.5714285714
PTXofficial,3129821.7
Matt Bentkowski,3125846.1333333333
Avocado,3122621.0
Jaiden Animations,3103492.31372549
videogamedunkey,3089838.1428571427
Hometalk,3063193.533333333
Dan And Shay,3050567.6666666665
Architectural Digest,3039873.8205128205
SodaStream,3028654.5
1theK (원더케이),3019786.789473684
Super Netvid,3014847.0
FamilyFeud,3002639.6666666665
STX Entertainment,2993726.7647058824
Jake Paul,2992799.0
PressTube,2987225.6
Tiffany Day,2975785.3
Brat,2951172.1428571427
Kurzgesagt – In a Nutshell,2942807.791304348
TinasheOfficialVEVO,2907432.0
America's Got Talent,2906796.3333333335
Saturday Night Live,2902862.1085714283
Open Road Films,2902814.714285714
Shay Mitchell,2896130.153846154
Google Developers,2890849.7333333334
Chris Rosa,2875520.0
Mark Rober,2873537.625
Michelob ULTRA,2867875.0
marshmello,2840377.25
JennaMarbles,2832078.0701754387
CBS Films,2830601.0
amazon,2795243.5
WWE,2789609.3184713377
CrashRacing,2774988.125
miniminter,2753717.2
Reaction Time,2743603.933333333
Ben Kronengold,2738845.6666666665
Helpful Vancouver Vet,2735611.3636363638
The1975VEVO,2728808.8571428573
KygoOfficialVEVO,2724450.4285714286
Snapchat,2723932.625
FrenchMontanaVEVO,2697936.285714286
Dani Ochoa,2693447.9166666665
JamesBayVEVO,2688660.057142857
DuckSoss,2683984.8333333335
Whistle Sports,2667287.1666666665
Kia Motors America,2638629.4285714286
Pitch Perfect,2627668.625
Macklemore LLC,2625154.0
grav3yardgirl,2622301.1904761903
James Charles,2618402.6440677964
KhalidVEVO,2613372.3
Carrie Underwood,2612922.0625
Boldly,2591500.705882353
Nike,2577620.5
googledoodles,2577234.1666666665
Liza Koshy Too,2518362.0
Science Magazine,2513573.5625
League of Legends,2501566.153846154
LouisTomlinsonVEVO,2495173.3333333335
Step Up: High Water,2494159.888888889
Daily Dose Of Internet,2493730.6739130435
Domics,2470719.159090909
Adam Smith,2458465.5
PetaPixel,2457408.0
KBS World TV,2453894.3333333335
CaseyNeistat,2449950.168421053
johnmayerVEVO,2438868.464285714
NFVEVO,2435938.3333333335
Discovery UK,2433343.2413793104
DJSnakeVEVO,2430266.4285714286
Muse,2422687.3333333335
Beats by Dre,2417436.4285714286
LadyGagaVEVO,2398445.111111111
notnotryan,2397755.75
Will Smith,2373903.04
Ryan Is Driving,2367732.5
Ryan Canty,2343108.6
Dobre Brothers,2335937.1578947366
HarryStylesVEVO,2323017.8333333335
FaZe Rug,2307805.160714286
NikkieTutorials,2301206.1651376146
Movieclips Trailers,2297985.285714286
Billie Eilish,2297005.6315789474
HBO,2283638.989473684
HALO,2283171.3333333335
Matt Stonie,2270226.716049383
Casually Explained,2264339.3181818184
boogie2988,2252484.5384615385
Tyler Williams,2246550.933333333
Tanner Braungardt,2246127.0
RomanAtwoodVlogs,2232470.346153846
MiguelVEVO,2231041.714285714
The Royal Family,2215507.4444444445
The Slow Mo Guys,2212597.3032786883
johnlegendVEVO,2207738.8333333335
FailArmy,2203653.6666666665
Simply Nailogical,2197081.679245283
PHP,2192515.4
jeffreestar,2190618.736842105
The X Factor UK,2166293.3846153845
Anthem Game,2164711.4
Papa Jake,2160263.018181818
CHRIS-RS,2152471.1666666665
Inanna Sarkis,2150182.777777778
BuzzFeedBlue,2140915.5
Matthias,2138449.3970588236
adidas Football,2137745.285714286
FOX 17 WXMI,2126901.4
Blonded,2114521.777777778
VH1,2089872.3043478262
Marzia,2080343.779661017
SELF,2078820.4166666667
MasterClass,2072901.0
AviciiOfficialVEVO,2070306.1666666667
HollywoodLife,2064161.7368421052
Wengie,2062568.4285714286
the Hacksmith,2061900.076923077
Manifest,2061448.0
JheneAikoVEVO,2060310.5
PlayStation,2052032.5
INSIDER,2048216.868263473
Beats 1 on Apple Music,2032821.142857143
FBE,2032100.0536912752
"But First, Coffee",2024615.6666666667
RiceGum,2016536.0
BrasherN,2016309.857142857
Butch Hartman,2011136.5238095238
5SOSVEVO,2009618.4375
Land Rover,2002732.0
colinfurze,1999426.8529411764
CinemaSins,1989945.415841584
RedCurtainEnt,1987052.6666666667
Just Wow me,1983115.5
Karina Garcia,1981954.2222222222
Complex,1977985.3119266054
BURGER KING,1977800.25
JelloApocalypse,1973157.3823529412
Bleecker Street,1966582.0
Sam Chui,1963200.5
Zero Media,1956545.0
Niki and Gabi,1953145.8
Nintendo,1950900.4942528736
5MadMovieMakers,1938586.8823529412
bill wurtz,1929705.1951219512
AzealiaBanksVEVO,1917480.85
Jess Conte,1916058.0
Beyonce,1915614.6
JunsKitchen,1904535.5344827587
Fifty Shades,1899109.3333333333
SeanPaulVEVO,1895317.0
BuzzFeedVideo,1889278.9289940828
Alan Walker,1887514.0625
radiodisney,1886370.6363636365
Ladylike,1881484.4864864864
Hayley Kiyoko,1875791.5
Annapurna Channel,1868982.4166666667
FoundFlix,1863068.294117647
Charlie Corts,1849287.3333333333
Brave Wilderness,1841863.6509433961
"Tyler, The Creator",1840254.9090909092
jacksepticeye,1833640.8648648649
Doug Ellison,1833273.923076923
SugarlandVEVO,1829398.3666666667
Daniel Howell,1824561.0
The Late Late Show with James Corden,1820797.4969325154
GraceVanderWaalVEVO,1806655.56
Red Bull,1803439.551020408
DisneyMusicVEVO,1800362.5172413792
Blake Shelton,1789699.5714285714
Recanto Ecológico Rio da Prata,1783785.0833333333
Graham The Christian,1783553.4285714286
Epicurious,1779006.9807692308
LOL Network,1777766.6625
Nerdist,1776491.52
Attaullah Malik,1772133.5
5FDPVEVO,1763230.0526315789
Jaclyn Hill,1758482.7173913044
Ryland Adams,1757541.677419355
Disney Descendants,1756382.7
Screen Junkies,1753162.3846153845
Anwar Jibawi,1749175.0714285714
Philip DeFranco,1748008.95
WatchMojo.com,1732442.4444444445
dope2111,1728813.0
Rella On the radio,1725819.4
Wassabi Productions,1721815.5555555555
FOOD INSIDER,1712231.4285714286
Major Lazer,1701077.2666666666
Jordan Wilson,1700959.0
iggyazaleamusicVEVO,1688187.375
Natalies Outlet,1686307.8333333333
FORMULA 1,1685699.0909090908
Zebra Corner,1683801.3
IISuperwomanII,1671074.8952380952
Doctor Mike,1670894.46875
UMF TV,1648886.0
Pokémon GO,1648226.5714285714
Big Marvel,1646925.3333333333
Ultra Music,1645794.1666666667
Linus Tech Tips,1645484.1323529412
Business Insider,1644751.5
Chilly Willy,1640615.25
Janelle Monáe,1635842.857142857
ScatterBrain News,1635670.8
LaurDIY,1624027.8395061728
What's Inside?,1622215.8857142858
Maymo,1613519.6666666667
Team Edge,1607744.8813559322
SigridVEVO,1607446.4
ABC Television Network,1606986.0
Washington Post,1604079.5391304349
TechSmartt,1599759.611111111
Microsoft Surface,1595250.125
Pepsi,1591048.3636363635
DanTDM,1576907.2647058824
Marques Brownlee,1575909.2923076923
LOOK MUM NO COMPUTER,1570344.9
Cobra Kai,1561809.5531914893
American Idol,1551313.528735632
British Vogue,1547644.0
Michael Dapaah,1542529.3333333333
Foot Locker,1540902.5
Lindsey Stirling,1538385.2258064516
The 1975,1538325.8
Jimmy Kimmel Live,1534509.4247311829
BBC,1527753.0263157894
Dolan Twins,1525468.5833333333
TechRax,1522695.5833333333
samfryltd,1521434.5384615385
MITCHELL WIGGS,1516358.0
BrainfooTV,1511121.7692307692
Swish Daily,1508199.888888889
Let Me Explain Studios,1505107.8333333333
Ozuna,1498866.0
MustardVEVO,1490930.2
ONE Media,1487461.0
GPhase,1487102.3076923077
WIRED,1485265.4385964912
The Sims,1484356.7
KYLE HANAGAMI,1480456.0
Radovan Lazic,1478234.5
ToniBraxtonVEVO,1472886.8823529412
Bethany Wilhelm,1472850.8333333333
Oscars,1463070.0
RemyMaVEVO,1448068.0
Smosh,1447186.7218045113
AlishaMarie,1442160.125
The Graham Norton Show,1440897.7745098039
FallOutBoyVEVO,1438916.32
Никита Ордынский,1429090.2307692308
littlemixVEVO,1424102.6
NFL Network,1419739.5555555555
ThatcherJoe,1411502.1333333333
thegameawards,1409002.6666666667
Eh Bee Family,1408554.894736842
Vogue,1406174.9785714287
Kylie Moy,1403242.0
Kitchen Nightmares,1399629.4848484849
Dale Dai,1392244.0
Rob Bliss,1385874.7142857143
shgurr,1383182.857142857
The Tonight Show Starring Jimmy Fallon,1377798.8984771573
JuliaMichaelsVEVO,1377363.4117647058
Warped Perception,1373813.7692307692
NBC,1368099.892857143
The 2x Family,1366791.8333333333
Noah Nicholls,1361016.25
MN khan,1360519.8
ProZD,1358830.608695652
TMZ,1352420.2711864407
Manny Mua,1350733.3333333333
ESPN UK,1350663.111111111
McDonald's,1349486.1764705882
jacksfilms,1348708.4797297297
NHL,1345199.076923077
ChrisBrownVEVO,1337389.5714285714
Banana Culture Music,1330668.0
Atlantic Records,1329689.0166666666
Jason Mraz,1325971.2
Brent Pella,1323355.25
Team Coco,1321603.1981132075
BRIGHT SIDE,1316524.4
TheEllenShow,1315243.518134715
CGP Grey,1314485.2857142857
Howl Of A Dog,1309913.8
Tasty,1309832.5562913907
Studio MDHR,1309244.6666666667
HOT 97,1308383.1666666667
Ben Actis,1306979.875
Kelly Clarkson,1304205.9107142857
AmazingPhil,1300136.7857142857
Doctor Who,1294264.5555555555
Nick Ramos,1287325.8
Mike Shinoda,1280845.611111111
Kensuke Koike,1278707.9375
Iris,1278527.4545454546
Guava Juice,1277018.7777777778
Orion Pictures,1276264.2857142857
Kingdom Hearts,1266912.6666666667
Rudimental,1265983.105263158
AnselElgortVEVO,1265040.5
DALLMYD,1259167.2571428572
BellatorMMA,1258839.5
Kylie Cosmetics,1248315.5263157894
Lauv,1246630.5454545454
Horizon Productions SFL,1246479.888888889
Mark Sales,1245133.888888889
Morgan Adams,1244090.0
BBC Radio 1,1243315.6785714286
SnowPatrolVEVO,1236820.2142857143
ワーナー ブラザース 公式チャンネル,1231553.8333333333
Vsauce2,1223774.7272727273
The Daily Show with Trevor Noah,1220699.5081967213
RackaRacka,1216774.3333333333
The Voice,1212940.685950413
Dorkly,1212748.8333333333
ExplosmEntertainment,1209858.6282051282
PlayOverwatch,1202074.0869565217
Billboard,1199329.9375
Gentle Whispering ASMR,1196362.0666666667
Tanner Fox,1193958.076923077
DaveHax,1193684.8823529412
Patrick Nan,1192038.2
Jeopardy!,1183861.2857142857
sWooZie,1182628.2
Camila Cabello,1178009.6666666667
Zendaya,1176380.142857143
Daily Caller,1175779.6666666667
Bethany Mota,1169854.0
BrettYoungVEVO,1167668.1176470588
Amber Scholl,1167468.4583333333
Candide Thovex,1166214.0
REACT,1164214.2524271845
Bleacher Report,1163869.680851064
iHasCupquake,1156496.7222222222
Hamilton: An American Musical,1156140.05
Vanity Fair,1153752.696551724
Cards Against Humanity,1148366.75
Capital FM,1146441.888888889
Rachel and Jun,1142335.0
Hevesh5,1141078.4444444445
MamaMiaMakeup,1133021.3333333333
Bkav Corp,1123938.0
Lyft,1123742.888888889
NASA Goddard,1121631.4
TheReportOfTheWeek,1116047.2857142857
NFL,1113649.6910569107
Alesso,1112367.0
Duston Ward,1112266.875
That Japanese Man Yuta,1111674.0
mariahxlambily,1109045.0
MLive,1104548.625
Doug DeMuro,1104008.5208333333
TromaMovies,1102939.5
News 5 Cleveland,1102431.75
BBC Music,1097835.3333333333
PatrickStarrr,1095674.0454545454
JamesAVEVO,1093079.4
DONG,1092906.107142857
Star Wars,1088703.8113207547
Simone Giertz,1086392.5571428572
First We Feast,1083038.1633986929
Markiplier,1081774.1746031747
TheOdd2sOut,1078534.851851852
TRL,1075032.7142857143
Binging with Babish,1074591.607142857
Guy Tang,1072632.857142857
CrazyRussianHacker,1071309.8695652173
PBS NewsHour,1067304.8387096773
zefrank1,1063790.88
Highlight Heaven,1060849.8
SabrinaCarpenterVEVO,1059843.8823529412
BMW USA,1058158.0
Glamour Magazine,1047847.4375
DIY Perks,1046389.875
Nikita Dragun,1045799.0
ASMR Darling,1045198.5714285715
KBSKpop,1043336.625
Strictly Dumpling,1037005.8507462686
OneBitMusicVEVO,1036934.3333333334
Shyrynne,1035381.0
Waterjet Channel,1034654.9090909091
TheInternetVEVO,1034310.125
MLB,1033567.25
Bobby Duke Arts,1025273.0714285715
Amazon Studios,1024756.695652174
SomeThingElseYT,1024561.5555555555
Freddie Lister,1021710.1428571428
The Official Pokémon YouTube Channel,1018270.4054054054
As/Is,1016849.2763157894
Gatorade,1015582.0
SnoopDoggVEVO,1014663.4285714285
KBAK - KBFX - Eyewitness News - BakersfieldNow,1010007.875
Recording Academy / GRAMMYs,1007804.8571428572
Revolt TV,1006935.125
Rosanna Pansino,1002332.875
Sam O'Nella Academy,1001724.8666666667
Sprint,996708.0
Mark Wiens,995501.0
영국남자 Korean Englishman,993964.0
Mr. Kate,993600.0923076923
NoahCyrusVEVO,993191.1111111111
Anna Saccone,992507.6
Late Night with Seth Meyers,992362.0
Deep Look,992317.2666666667
itsAlexClark,982842.9444444445
Good Mythical Morning,967560.4081632653
iamAURORAVEVO,964625.2
theCHIVE,963350.625
Netflix,962789.1968911918
RAP DAILY,961848.5714285715
Tesla,960363.3333333334
TBS,956030.4146341464
SHAYTARDS,951482.5714285715
圧倒的不審者の極み!,951476.4166666666
VICELAND,950781.0833333334
Tina Yong,948920.2962962963
MyLifeAsEva,947614.6551724138
hp_overload,942827.7142857143
Sabrina Claudio,942155.6666666666
Doritos®,940953.0
Funny Commercials,940437.0
Battle Universe,934611.5
Disney On Broadway,933197.1428571428
MoreZoella,932830.8333333334
SadeVEVO,932489.3333333334
UFC ON FOX,930501.3846153846
cheeseandjamsandwich,929406.5555555555
A24,928097.6086956522
wdwmagic,926585.4
AlishaMarieVlogs,921850.6875
CollegeHumor,921155.8141025641
Kim Kardashian West,920211.6923076923
BachelorsPadTv,914986.6666666666
The Dodo,912464.5903614458
IFC Films,911176.6923076923
Mrwhosetheboss,910129.0
Zoella,899833.9047619047
ThreadBanger,896466.6811594203
Max Joseph,895352.0
Check It Out,894787.0
PBS Eons,892306.4814814815
TopClips247,890670.75
AaronsAnimals,886791.1076923077
Looper,883404.2307692308
Impulse,879150.5625
CalebCity,874734.6842105263
Talking Kitty Cat,867216.7142857143
The Weather Channel,864948.8888888889
ThirtySecondsToMarsVEVO,862514.0
TheBackyardScientist,862509.8571428572
Lame Videos,861009.6666666666
Nat Geo WILD,855575.6363636364
Bobby Bones,855090.2352941176
ET Canada,854006.1666666666
The King of Random,852312.6148648649
Fueled By Ramen,850634.7948717949
Bon Appétit,850235.2582781457
Tati,849204.9901960784
doddleoddle,848904.8181818182
Colleen Ballinger,847530.4210526316
EntertainmentVevo,845262.0
Breakfast Club Power 105.1 FM,844147.2586206896
H3 Podcast Highlights,843820.8888888889
EltonJohnVEVO,841787.6666666666
grandayy,841697.0
Linkin Park,841469.9130434783
Cam'ron,838603.4
Carla Resendiz,836505.5
EverythingApplePro,836006.1764705882
Simply Not Logical,834499.8235294118
Omeleto,832611.9285714285
TMZSports,829346.9090909091
A&E,825893.6
Battle Universe!,822860.0909090909
AdelaineMorin,822275.3157894737
SUMERIAN,820862.1428571428
Ján Ilavský,820293.25
Ten Second Songs,819691.6923076923
Tim Milgram,818531.4736842106
Rapid Highlights,816884.0
Tom Scott,808414.3836477988
Joey Graceffa,807338.52
Mr Sunday Movies,805116.0714285715
Valk Aviation,804574.5
LexusVehicles,804452.9166666666
BreakingBenjaminVEVO,803819.8
Green Day,801599.6363636364
Christina Aguilera,797261.5833333334
Ubisoft North America,796741.5
littlerobotgirl,796335.4444444445
Kandee Johnson,795345.12
ElleOfTheMills,792687.4375
EA SPORTS,792645.4
ABC Action News,792145.0
GameXplain,791228.8333333334
ThreeDaysGraceVEVO,789631.4285714285
ABC7,786702.7142857143
Mashed,784047.2857142857
Google,783320.6538461539
The White House,781104.5714285715
Chili Klaus,781082.3333333334
The Food Ranger,780833.4186046511
Brad Mondo,780376.0277777778
TED,778206.9354838709
Cristi Cristian,778012.5
GQ,774802.7741935484
You Suck At Cooking,772787.9439252337
Real Madrid C.F.,768362.2272727273
keshaVEVO,767422.7
oregon,767363.6923076923
matt,763793.125
Davie504,762878.2571428572
FOX Soccer,761726.7792207792
JohnNewmanVEVO,761411.4166666666
EA SPORTS FIFA,761110.3333333334
TIME,760425.1756756756
bulletvalentineVEVO,759008.6
Don Diablo,753572.6923076923
UrAvgConsumer,752213.5
Skip and Shannon: UNDISPUTED,750631.1590909091
Jeremy Jahns,750002.8205128205
CNN,748962.3055555555
Wendover Productions,748090.2909090909
StorrorBlog,746488.5
Maggie Lindemann,744369.9285714285
WUSA9,743822.8
GamingWithJen,743525.7142857143
AvE,743361.8333333334
Laura Lee,743278.1489361703
devinsupertramp,742846.3076923077
The Telegraph,742564.75
Access,741763.7333333333
NJ.com,740089.1111111111
Scotty Sire,739961.6666666666
Global News,733826.1
Chris Smoove,732687.6521739131
fosterthepeopleVEVO,730419.4210526316
NiallHoranVEVO,726734.947368421
Gibi ASMR,723950.875
CBC News,722283.4871794871
Kaplamino,716972.9565217391
Avocados From Mexico,716912.75
Riverdale,715677.2727272727
Mashable Daily,715440.5
Why Don't We,711486.0
SB-LII Commercials,708635.5555555555
Australia,707284.4444444445
blackbearVEVO,705577.25
BT Sport,703621.3
NowThis World,702727.8
Rclbeauty101,699936.0
AntsCanada,697803.0416666666
Rooster Teeth,696819.716981132
OmarGoshTV,696058.8
todrickhall,694853.2727272727
Cut,694519.125
E! Entertainment,693985.5462962963
Jesse,691161.375
MTV,690597.304347826
ALL URBAN CENTRAL,686455.625
Paramount Network,685373.125
Sylvia Gani,683270.7714285714
Warner Bros. UK,678603.1428571428
Mikey Murphy,674554.6666666666
DanAndPhilGAMES,672292.5
Patricia Bright,670789.7
Kitty Hawk,669843.6666666666
Mercury News,668405.3
JasonAldeanVEVO,668056.6315789474
The Late Show with Stephen Colbert,661367.0909090909
Hydraulic Press Channel,660334.2941176471
SmarterEveryDay,660170.2941176471
Esther Bellido,658579.8
Roy Moore for Senate,655943.375
MNEKVEVO,655431.7777777778
NZPoliceRecruitment,653504.1666666666
Beats 1 Radio,649805.1875
WXYZ-TV Detroit | Channel 7,649324.7142857143
Funny New Videos,648687.0
Miss Universe,648227.1666666666
AzzyLand,647337.2
West Midlands Police,647304.8
Veritasium,646506.1428571428
Because Science,645952.3428571429
Andrew Lowe,645720.7142857143
Jackie Aina,644271.0161290322
Tanya Burr,643461.55
Genius,643457.8484848485
JarJar Abrams,643117.0
Summoning Salt,642421.8333333334
Coca-Cola,639759.5
Mary Giannone,638033.125
494ta,637942.0
StingVEVO,637761.5
The Pet Collective,636771.3333333334
Squarespace,635889.5
Vox,635409.1347150259
1MILLION Dance Studio,635126.3333333334
KeithUrbanVEVO,633292.425
Carli Bybel,632790.5535714285
Today I Found Out,631004.4736842106
Matthias Wandel,630958.2857142857
MGMTVEVO,630532.7142857143
BBCRadio1VEVO,630272.695652174
TODAY,629036.7941176471
Taylor Swift,627069.3478260869
KylieMinogueOnVEVO,626144.75
NASA Jet Propulsion Laboratory,625392.1875
Corridor,619611.4
merrelltwins,615573.7297297297
Rob Scallon,612326.9615384615
PsychoSoprano,611126.5454545454
ChrisYoungVEVO,608807.25
BenTheBondsman,608725.4444444445
Lenarr Young,606225.0714285715
Netflix Asia,604015.0
All Def Digital,602384.3333333334
FoxSearchlight,601793.0714285715
Leroy Sanchez,601585.4166666666
ChloexHalleVEVO,600313.8333333334
Demi Lovato,599697.7142857143
Lofty Pursuits,590669.0
Steve1989MREInfo,587402.2857142857
Absolut,586498.0
Real Engineering,586436.75
Dancing On Ice,584098.2857142857
GoPro,583153.4193548387
TkyoSam,580747.6666666666
Unecht Erfunden,579418.2666666667
The Wendy Williams Show,576370.8666666667
Teen Vogue,575761.724137931
Channel Awesome,574091.6111111111
Ellie and Jared,573660.0
NBA on TNT,570203.8260869565
STARZ,569362.7058823529
Condé Nast Traveler,565608.34375
Chris Stuckmann,565136.4848484849
Kris Harbour,564158.3076923077
The Infographics Show,563175.275862069
Poppy,560852.5833333334
Michelle Khare,560191.282051282
Lane Anderson,559939.6666666666
Sprinkleofglitter,559515.5
Quicken Loans,557917.3333333334
"Rock me, Joey Santiago.",557615.5714285715
Russell Howard,556410.0
Entertainment Tonight,554657.7073170731
Trevor Moran,553866.0
BBC Three,553503.3243243244
The Grand Tour,552925.304347826
Yes Theory,551578.3571428572
JessieJVEVO,549167.3333333334
Hope For Paws - Official Rescue Channel,547352.6206896552
SHOWTIME,546964.0
Nyma Tang,546123.3
Ranz Kyle,542252.0
Chubbyemu,537175.1176470588
IGN,535717.2678571428
The Verge,535238.65625
AT&T,534611.2
How To Cake It,534507.061728395
Life Noggin,534251.6216216217
Christine Sydelko,534046.3333333334
Sonic the Hedgehog,533114.8571428572
Colleen Vlogs,533046.4210526316
Toyota Global,532994.2857142857
Awkward Puppets,532227.8333333334
Australian Open TV,531498.4705882353
Wendy Williams,530991.5535714285
JackWhiteVEVO,530102.4166666666
USA Gymnastics,528928.6470588235
Good Morning America,528489.6883116884
Taylor Nicole Dean,528204.9285714285
The New York Times,527804.1392405063
Dancing With The Stars,526464.975
H O N N E,525941.5
GingerPale,525385.2352941176
CrossFit®,525002.6153846154
kehlani parrish,524577.4444444445
Olivia Jade,523903.82608695654
Full Frontal with Samantha Bee,523388.8095238095
Tpindell,522873.625
SupremeSounds,522017.5
ESPN,520464.12807881774
RoadsideFlix,516668.93333333335
Cammie Scott,515796.125
Comedy Central,513702.3333333333
BØRNSmusicVEVO,513593.14285714284
RealLifeLore,513137.95454545453
UFC - Ultimate Fighting Championship,512820.6842105263
Muselk,509499.0
Danny Sapko,509286.5
PolyMatter,508501.29411764705
Tia Mowry's Quick Fix,507836.3
LD Entertainment,507422.3333333333
PB Comps,506377.6666666667
iJustine,505659.28282828286
NBC Sports,502767.72602739726
Roxette Arisa,502754.0833333333
I Like To Make Stuff,502690.17647058825
SaggyJ,502579.5
Feast Of Fiction,499444.5142857143
PONY Syndrome,496227.28571428574
Desi Perkins,496145.6176470588
KaceyMusgravesVEVO,494122.9310344828
Maddie Ziegler,493903.54545454547
Nickelodeon,493150.71428571426
CBS News,491406.9268292683
Madelaine Petsch,490128.1176470588
Fancy Vlogs By Gab,488418.125
TmarTn2,485552.3846153846
Yoga With Adriene,485288.5714285714
Studio C,485164.7027027027
HellthyJunkFood,484211.79738562094
Monster Cable Products,483890.0
KathleenLights,483011.3768115942
amc,482657.04347826086
Good Mythical MORE,482375.0294117647
Nicol Concilio,482254.5238095238
PLAYERUNKNOWN'S BATTLEGROUNDS,482005.3333333333
Daisy Marquez,481925.73076923075
PointlessBlogVlogs,481349.8
Brian Hull,480917.3333333333
Luke Korns,475759.22222222225
Huxley Berg Studios,473582.6666666667
Austin Evans,471752.9846153846
WeatherTech,471638.75
ViralHog,471056.57446808513
ChangeofplanZ,471005.5
DonDiablo,465943.2
New Scientist,465893.0
People are Awesome,461305.44444444444
KFC,460745.85714285716
Motherboard,460533.1111111111
Verizon,460394.14285714284
JOE.ie,458027.92307692306
Diet Coke,457595.0
CBS This Morning,457148.60714285716
MatthewSantoro,455823.7931034483
Mike Boyd,454838.4126984127
AusAntarctic,454429.54545454547
ABC News,454051.56097560975
Sesame Street,452841.25
Tyler Oakley,451973.85714285716
Tamar Chronicles,451356.0
Munchies,449990.25
TED-Ed,449595.04938271607
Clevver News,449136.7297297297
Inside Edition,447880.8076923077
R3HAB,446664.3333333333
Simon's Cat,445354.5304347826
BBC News,444273.96774193546
TheBeatlesVEVO,444125.25
Vlogs By DK4L,442039.3333333333
Cole and Marmalade,441728.5111111111
ELLEUKTV,441632.28571428574
Corinne Leigh,440443.28571428574
tonyvera1902,438879.3333333333
Jason Yu,435953.5
Funny News,435387.0
Dj Earworm,433483.0
Grandpa Kitchen,431968.85714285716
The Royal Family Channel,431773.5925925926
MariahCareyVEVO,429149.6666666667
WaterTower Music,429141.125
HouzzTV,429077.14285714284
Clevver Style,428483.39024390245
Great Big Story,428337.0390625
Rise,428332.0
Gus Johnson,427810.45588235295
Ricky Dillon,427418.8333333333
The Bella Twins,426671.5625
Half as Interesting,426253.61971830984
JuJu Smith-Schuster,426122.0
CrowsEyeProductions,424552.2
NCAA March Madness,422789.6956521739
SB Nation,421441.53125
VICE,420923.6
Keyboard Cat,420054.44444444444
India Survival Guide,418998.3333333333
My Virgin Kitchen,418302.1
Frank May,417332.75
Philly D,417282.7
GeorgeEzraVEVO,417253.9130434783
Mean Girls on Broadway,417123.8181818182
Nerdwriter1,416859.0483870968
Chad Kroeger,412812.0
Adam's Apple,412653.4
Kid Rock,412572.1666666667
Tech Insider,412501.1538461539
Gallant,411582.95652173914
AnimalWised,411191.9166666667
Miranda Sings,410943.8
Motion Station,409368.2
SUPERFRUIT,409198.2
TheJuicyJVEVO,408652.3333333333
Persil ProClean,408307.71428571426
JerryRigEverything,406976.25581395347
Freddie Twenty,406929.125
KaneBrownVEVO,405751.26666666666
Jonathan Morrison,405154.3
Christen Dominique,404941.875
truTV,404431.48484848486
onsetfacilities.com,404058.0
EllieGouldingVEVO,403542.0588235294
Famous Celebrities Snaps,403409.1818181818
foofightersVEVO,403224.75
U2VEVO,401778.8620689655
Cat Man Chris,401004.25
Piece Of Me Tour Planet Hollywood,400838.75
NBA,400025.23756906076
Chris Turner,398718.85714285716
KKandbabyJ,398457.7368421053
MOMOMOYOUTHVEVO,397827.125
TurboTax,397336.0909090909
Scotty Kilmer,396797.625
alt-J,395663.71428571426
The CW Television Network,395510.8947368421
jennxpenn,393353.86842105264
ELLE,392094.6388888889
PostmodernJukebox,391063.35714285716
Klossy,390679.07692307694
dodieVEVO,390366.5
doddlevloggle,389495.8333333333
Pero Like,388219.3333333333
DrinkBODYARMOR,387493.0
Troye Sivan,387450.4
Vet Ranch,387226.6
Shawn Johnson East,386685.8
Cracked,386586.53846153844
heyitsfeiii,386369.4090909091
Donald J. Trump Topic,385071.3333333333
CNNMoney,384645.71428571426
RickyMartinVEVO,383028.8333333333
Shmee150,382166.75
Harper's BAZAAR,381707.8333333333
ignoramusky,381706.14285714284
Rebel Wilson,380729.0
SuperCarlinBrothers,380681.14814814815
Glam&Gore,380575.48
The Key of Awesome,379870.8888888889
Comicbook.com,379814.26666666666
TheMeanKitty,379056.0
Alex French Guy Cooking,378251.2727272727
Andrew Rowland,377664.2
WOWPresents,377427.2463768116
Variety,376998.05555555556
ChvrchesVEVO,375416.85
Peter McKinnon,374460.56666666665
Allure,373274.2
WhatCulture Wrestling,371085.6666666667
Engineering Explained,367099.5789473684
Thomas Sanders,366549.5
Chloe x Halle,363427.76470588235
Bramty Juliette,362797.25
Kortney Steury,362510.25
WhatsUpMoms,362202.4
ElectroBOOM,362126.56
CatPusic,361859.1818181818
Cody'sLab,361555.375
Waymo,361276.5
Mountain Dew,360784.5
Anaki Abo,358597.0
Living Big In A Tiny House,358338.3125
Jimmy Built,358127.1818181818
Shesez,357050.2
E! Live from the Red Carpet,356815.95454545453
FC Barcelona,356795.98214285716
ANDREW HUANG,356719.97872340423
Freedom of the Press Foundation,356559.5
William Osman,356301.1818181818
G-Eazy,354729.1538461539
Kristen Hancher,354600.63636363635
Inside the Magic,354413.1111111111
Emirates,354335.2
TheHoonigans,354038.0
New Orleans Saints on NOLA.com,352800.8888888889
jenniferhudsonVEVO,351676.5714285714
Kylie Minogue,351627.6666666667
Townsends,351550.1176470588
Philadelphia Eagles,350218.6666666667
Alissa Ashley,349784.8461538461
LukeCombsVEVO,347266.1666666667
National Geographic,347043.91803278687
Anew Start,347027.3333333333
Vance Joy,346595.23076923075
Alabama Crimson Tide on AL.com,346266.4
CBS New York,345347.1538461539
IAmAnneMarie,345267.2
The View,343392.1595744681
L2inc,343025.3333333333
yovo68,342273.5
BeckVEVO,340902.4285714286
PeterSripol,339710.0
MaggieRogersVEVO,339375.0833333333
Guardian News,338288.2641509434
BrantleyGilbertVEVO,337655.5714285714
MinuteEarth,336843.7083333333
Matt Steffanina,336449.25
KATC,336070.6
The Oregonian,335961.3333333333
Physics Girl,335680.9090909091
Dave Lee,334380.6
Eva Lunde Bentley,333942.0
Daz Games,333402.6666666667
FundingCircleUK,332026.5
PBS Space Time,331274.6666666667
Victoria's Secret,330950.5714285714
Moulin Rouge! the Musical,328372.9
MTV International,328281.1666666667
H&M,327883.75
Keith Urban,327108.5
davematthewsbandVEVO,326107.3043478261
Johnny Jansen,324007.8181818182
mmschocolate,323748.4666666667
acaciacutie,323237.13333333336
akidearest,321412.85714285716
Max Fagin,320286.28571428574
Nile Wilson,318914.0
Casey Holmes,317185.56862745096
Olympic,317077.0588235294
Cimorelli,315750.75
JamesBlakeVEVO,315712.3333333333
DoodleChaos,315700.4
"Cyprus Air Heating, Cooling and Fireplaces",314761.5
BBC Sport,314748.36363636365
MAZELEE,314337.6666666667
The Orchard Movies,313689.4
KTVU,313557.2
How to DAD,311781.125
Slooh,311606.1666666667
Malik Nabee,310692.0
RachhLoves,309794.9285714286
JP & Julia,309591.14285714284
Nickelback,309055.4285714286
Jack Coyne,307974.7272727273
Practical Engineering,307092.6
Anna Akana,306797.4680851064
Extra Credits,306707.85714285716
Asthmatic Kitty Records,306634.5
SumerianRecords,306377.0
Pop & Sports HQ,305899.0
Nicole Guerriero,305696.93333333335
New York Daily News,303764.25
CBS Los Angeles,303586.64705882355
Makeupshayla,303248.5
NBC News,303154.5576923077
Newsflare,302178.8333333333
FIFATV,302132.5
BonJoviVEVO,301593.55555555556
Itzztonytony,300425.0
ITV,298844.5
Zach King,298309.3846153846
How To Make Everything,296575.0588235294
TobyMacVEVO,295572.8
NBA Highlights · YouTube,294756.14285714284
DidYouKnowGaming?,294656.35
euronews (in English),294155.0
Stratolaunch,293809.5
EvanescenceVEVO,293801.22222222225
Sufficiently Advanced,293504.25
Galantis,293460.8
JOLLY,291421.0909090909
Dawid Szmandra,290541.625
MrMobile [Michael Fisher],288993.5
Simon and Martina,288210.35294117645
Duncan Sinfield,288063.5
CBS Sunday Morning,287545.5833333333
TheCubician,287346.8333333333
theneedledrop,286889.8333333333
Lisa Eldridge,286526.6206896552
Max Skipper,285734.71428571426
Strange Parts,284527.73333333334
CaptainDisillusion,283786.0
Numberphile,282856.89795918367
NickJonasVEVO,282794.24
ToriKellyVEVO,282234.8
N W,281991.6
SciShow,281492.3185185185
ColdFusion,281182.375
Fleur DeForce,280580.8888888889
GRB rally,280226.9166666667
Mitchell Moon,280199.25
ARIKITCHEN (아리키친),280189.75
Millie T,279618.0
Passenger,279095.14285714284
CamVEVO,278604.6666666667
Blue Origin,277746.29411764705
Bill Gates,277482.5333333333
The Valleyfolk,277378.25
Campo Santo Productions,276506.4285714286
Beth Kobliner,275545.8
Wix.com,274794.8
Lip Sync Battle,273808.1538461539
ChrisStapletonVEVO,273444.9375
TheKillersVEVO,273378.6
CBS Miami,270714.3333333333
LavenderTowne,269067.125
Gigi Gorgeous,268911.35294117645
3Blue1Brown,268629.35714285716
Abhishek Singh,267725.75
FILMWEBTV,267699.6
Caspar,267328.8
FliteTest,267264.875
Nathan Robinson,266769.5
KIND Snacks,266291.6666666667
communitychannel,266029.5
Goodwillsandusky,266003.25
How To Cook That,265652.22580645164
Pitchfork,263561.2
Techquickie,263548.8
It's a Southern Thing,262085.66666666666
Car Throttle,261715.6
Paris Hilton,259809.0
AlisonWonderlandVEVO,259679.0
Fox News,259484.41860465117
Adam Neely,259463.6
The Real Daytime,259316.7619047619
OWN,259147.625
dannotv,258506.0
Trace Cyrus,258291.625
Michael Bublé,257574.0
Shoshana Bean,255164.0
Rapid Trailer,254451.8
Denitslava Makeup,253853.95
Wong Fu Productions,253784.45652173914
Erin Noelle,253775.6
BBALLBREAKDOWN,253027.6
AnthonyPadilla,252603.8947368421
TheScriptVEVO,252243.27272727274
Solid Gold Aquatics,251617.5
Spotify,251223.11111111112
clothesencounters,250563.5
End of Ze World,250207.2
Jenn Im,250112.8125
Clicknetwork,250072.46153846153
Kristin Johns,248776.875
I.T. Channel,248332.0
Hush Kit,248264.2
Film Independent,247673.38461538462
Third Leg Studios,247511.61538461538
It's Okay To Be Smart,245849.38095238095
WFLA News Channel 8,245326.14285714287
Alex Gilbert,245322.42857142858
LoeyLane,245239.14285714287
Tom Harlock,245103.57142857142
Paweł Zadrożniak,245031.57142857142
Storyful News,244532.0
The School of Life,244143.73015873015
XAmbassadorsVEVO,243967.46153846153
Nikki Glamour,241794.8125
Ryan,241409.0
Shade 45,240969.125
NinaNesbittMusicVEVO,239608.4
Now You See It,239275.0
Alex Meyers,238461.25
The Joint Forces Channel,238335.88888888888
This Is Us,237475.75
Mayo Clinic,237307.0
vlogbrothers,236935.72463768115
StarTalk,236319.2
GwenStefaniVEVO,235766.83333333334
Top Korean News,234541.75
LewisCapaldiVEVO,233918.16666666666
blayze999,233712.6
cineytele,233515.0
Street Speed 717,233271.0
Vinheteiro,231977.375
Frog The Rooster,231847.0
Grace Helbig,231687.02666666667
Watch What Happens Live with Andy Cohen,231355.6
Jon Olsson,231303.66666666666
Berd,231170.8
4given4ever1,231008.5
What I've Learned,229739.5
MyHarto,229057.5744680851
C-SPAN,227397.78787878787
PrettyMuchVEVO,226990.64285714287
CNET,226768.2
SuperwomanVlogs,226263.0
Eater,225838.3142857143
HaimVEVO,225764.4
Claire Marshall,225697.58333333334
Quartz,225669.16666666666
MsAaliyahJay,225556.5
Jenny Nicholson,224967.30508474575
Lucas,223835.57894736843
Sugar Pine 7,223121.14285714287
Alex Aiono,222881.66666666666
Technology Connections,221923.5
BaconLegs,221695.33333333334
Tested,221125.75
J S,221095.0
Frankie Vision,220548.0
Hopeless Records,220535.66666666666
ShibSibs,219227.18181818182
Hin Nya,218855.0
Forgotten Weapons,218728.8
Liam Gallagher,217315.66666666666
LifeAccordingToJimmy,217153.5
Pittsburgh Dad,217151.5
Seth's Bike Hacks,217080.83333333334
This Morning,216737.8
2CELLOS,216093.0
To Scale:,214711.66666666666
Bravo,214429.8
The king of DIY,214192.0
The Office US,214148.0
India Love,213804.66666666666
Cosmopolitan.com,213614.16666666666
Gondwana Collection Namibia,213584.0
United Launch Alliance,213557.38461538462
CBS,213293.7
Chris Lee,213138.2
U.S. Navy,212978.75
SKITTLESbrand,212575.0
RagnBoneManVEVO,210985.16666666666
BellaThorneVEVO,210040.0
UEFA.tv,209607.75
Just Jared Jr,209074.66666666666
LecraeVEVO,207336.15384615384
Sailing La Vagabonde,205563.75
LGR,204491.66666666666
ThePianoGuys,203734.16666666666
X Factor Italia,203553.5
Food Wishes,203294.29787234042
See You Yang,202971.0
leonalewis,202953.0
Tim Gray,202670.4
Animal Planet,202624.85714285713
Circus HalliGalli,202518.85714285713
VICE News,201488.75
Billions,201125.0
BerkleyLovesTori,200821.0
LIVEKellyandRyan,200546.33333333334
kimbramusic,198885.0
brutalmoose,198804.36363636365
VidCon,198320.66666666666
Hudson Moore,197718.0
Wintergatan,195986.5
Magnolia Pictures & Magnet Releasing,195897.70588235295
Late Show with David Letterman,193220.5
Ryan Calme,192923.66666666666
OlanRogers,192130.16666666666
lara6683,191981.2857142857
LadBaby Official,191144.7
GreatScott!,190176.53333333333
Peter Brown,189759.72222222222
Vic Dibitetto,188401.0
TheVampsVEVO,188196.4
Jake Roper,187128.7142857143
Gustawny,186819.8
Julien Solomita,186659.2105263158
J.J. McCullough,186582.41666666666
Portugal. The Man,186460.88888888888
TV One,186365.8
ToveLoVEVO,186125.4
danisnotinteresting,184321.2
Alec Steele,183667.14285714287
TV Promos,183274.0
PAC ENTRETENIMENTO / DJ IVAN DAVIS,182926.0
Kevin Durant,182088.5
Dr. Sandra Lee (aka Dr. Pimple Popper),181341.33333333334
Mercedes-AMG Petronas Motorsport,181140.85714285713
MODSUN,180919.0
ТСН,180711.0
TechCrunch,180597.81818181818
Shaaanxo,180582.5
Billy Graham Evangelistic Association,179863.41666666666
Bethel Music,179627.57142857142
Southwest Florida Eagle Cam,179553.25
emma chamberlain,179521.4
Molly Burke,179496.5
Kraft Brand,178306.57142857142
YTN NEWS,177491.125
SHOWTIME Sports,177209.33333333334
geicocaveman2012,176989.0
TheSorryGirls,176948.34375
fantano,176431.33333333334
Interscope Records,176284.25
Tucker Gott,175852.0
Like Stories of Old,175681.33333333334
ConnorFranta,175461.71875
LustreLux,175420.0
standupmaths,174915.0
Bachelor Nation on ABC,174691.96153846153
Jack and Dean,174686.95
RM Videos,174324.10169491524
John Maclean,174109.0
Björk,174082.60869565216
POPSUGAR,173874.25
emmymadeinjapan,173720.9
hwow,173663.85714285713
Peter Caine Dog Training,173641.0
Sister Circle Live,173490.7142857143
Walking With Giants,171839.16666666666
Toyota USA,171712.2857142857
Hazel Hayes,170297.83333333334
FX Networks,170268.60714285713
Katzun,169754.75
Crusoe the Celebrity Dachshund,169522.66666666666
KSNV News 3 Las Vegas,169511.0
Cultaholic,169403.8
MrTreknation,168768.14285714287
My Self Reliance,168728.41666666666
thataylaa,168420.45454545456
ElbowVEVO,167550.0
Blurred Culture,167507.0
officialcharlixcx,167147.91666666666
StanDrawsSpaceships,167121.75
Omaze,167083.93333333332
Sauber F1 Team,166325.14285714287
Asian Boss,166168.11764705883
engineerguy,165255.2
Buttered Side Down,164859.8947368421
Refinery29,164657.5625
ScottyMcCreeryVEVO,164575.0
The Modern Rogue,164387.25
Jamie Demeter,163780.0
Man About Cake,163243.3125
cocheusadoooo,163086.33333333334
Dennis Kapatos,162676.83333333334
BBC Earth,162060.55
Pick Up Limes,161932.25
CBS Evening News,160724.5
Royal Blood,160490.25
slaymeclarkson c:,160253.625
chris lee,160012.0
MoorInfo,159737.0
empireofthesunvevo,158650.5
FOX Sports,158518.80952380953
Hillsong Worship,158067.0
Sailor J,157159.74285714285
austinmcconnell,157102.92307692306
Máquina Voadora,157031.33333333334
Lorraine,156772.3
Evan Edinger,156728.5
MeganBatoon,156285.53333333333
eLL cartoons,154896.33333333334
Amber Liu,154560.2
Barn Sanctuary,154492.5
MaccabeatsVideos,153782.5
Matt and Kim,153757.16666666666
NBA Stats All Seasons,153749.2
BTS Videos,153341.0
MandisaVEVO,153129.8
Kyle Jennermann,152161.0
Star Wars HQ,150964.75
This Might Get,150579.77777777778
NewsFunnies,150421.11111111112
BRITs,150126.0
CS Dojo,149999.0
BBC America,149995.75
FightHype.com,148896.72222222222
IFC,148704.0
monatheband,148354.0
The Deal Guy,148351.1
Polyphonic,147403.0
Lindsay Webster,147352.875
HiHo Kids,146806.0
Wall Street Journal,146733.5
Squirrel Monkey,146609.25
Alto's Adventure,146519.42857142858
AlmazanKitchen,145727.0
Conan Gray,145281.25
SPORTSNET,145021.0
HQVideoDude,143497.2
DragTimes,143412.36363636365
KipMooreVEVO,142931.66666666666
BETNetworks,142884.25
Desus & Mero,141596.75
TSN Tube,141052.0
Beme News,140820.05263157896
IncubusVEVO,140357.5
James Veitch,139989.0
Mayim Bialik,139906.4
Braille Skateboarding,139771.1
Keke Palmer,138621.14285714287
Jessica Clements,136417.3076923077
Moby,136240.83333333334
Estée Lalonde,135299.0
Gcincorp Ecommerce and Real Estate,135085.57142857142
CNBC,134700.85714285713
Disney Parks,133831.35
Edward Avila,133727.0
Guldies,133651.2
stacyvlogs,133473.66666666666
Cody'sBLab,132295.0
"European Space Agency, ESA",131950.8
Jessica Vu,131927.57142857142
Allie Glines,131839.0
David Archuleta,131106.66666666666
Everyday Astronaut,130596.07692307692
BuzzFeed Nifty,130136.80555555556
Golden State Warriors,128366.25
Alpha Entertainment,127800.14285714286
mvt.ias,127738.66666666667
MrNorrisVideos,127580.5
Techmoan,127224.75
ScreenPrism,126508.18518518518
Taylor R,126189.5
Sports Illustrated,125940.5
Beyond The Trailer,125628.57142857143
MSNBC,125270.53488372093
jessiepaege,124954.0
Anthem Lights,124940.6
Ryan Davidson,124028.0
Wendy's,124022.0
CrazyLaughAction,123633.5
PhakeNam,123508.57142857143
barnabydixon,123438.66666666667
Shameless Maya,123357.44444444444
CatCreature,123129.04347826086
HANSE 한세,123052.5
Campari,122913.66666666667
The Lore Master,122825.0
ombremor,122480.2
The Talk,122383.69230769231
LukeBryanVEVO,122334.53333333334
Movie Munchies,121586.8
Chris and Jack,121495.0
officer401,120856.0
Josh Groban,120837.4
Donut Media,120578.25
SiriusXM,120383.0
Abroad in Japan,120072.0
PeopleTV,119899.33333333333
BishopBriggsVEVO,119648.83333333333
WHAT'S INSIDE? FAMILY,118829.84615384616
BowlFullofAwesome,118678.0
kmichelle,118304.5
Trailers Promos Teasers,117979.5
Bret Baier,117191.28571428571
Wallows,116756.33333333333
Tom Stanton,116726.875
Exploring Alternatives,116719.0
Mamrie Hart,116293.5
JoergSprave,116233.2
Nobrand,116099.0
Bundesliga,115432.0
BleachersVEVO,115373.66666666667
Animal Adventure Park,115367.66666666667
Violin MD,115137.7
mayratouchofglam,115005.0
Kotaku,114069.66666666667
David Sistaro,113972.0
CrossKut316,113888.5
Laura Kampf,113685.875
Redline Reviews,113677.25
Channon Rose Vlogs,113619.66666666667
Laura in the Kitchen,113295.53846153847
The Anna Edit,112510.0
PrincessPiaMiaVEVO,112409.5
thevirts,111834.75
Doug Jones for Senate,111673.125
Just Between Us,111554.54545454546
Jacob Collier,110349.5
TheTimTracker,110331.58333333333
Owen Harvey,110072.0
voordeel,109832.16666666667
Saint Louis Chess Club,108801.81818181818
DunkFest,108595.0
David Seymour,108116.0
Kacey Musgraves - Topic,108076.36363636363
Monster Energy,106841.0
Tyler Stalman,105426.86666666667
Seonkyoung Longest,105391.58333333333
Red Robot - Intelligent Distribution,104510.33333333333
Strange incident,104381.25
60 Minutes,103351.25
Sparkee Music,103350.0
Popcorn with Peter Travers,102783.6
Tessa Violet,102772.375
BeOurGuest,102710.8
mike m,102560.0
USA TODAY,102540.76086956522
Aunty Donna,102201.0
rock on,101590.8
Ford Motor Company,100902.0
Good Morning Britain,100315.71428571429
New England Patriots,99620.0
Enter Shikari,99619.0
MassLive,99474.71428571429
Jessii Vee,99416.0
Peloton,99183.8
Drew Lynch,98782.09090909091
The Rock,98542.36363636363
CupcakeJemma,98000.52173913043
Movieclips Coming Soon,97856.0
JK Brickworks,97803.33333333333
JohnnyQ90,97533.0
MattMasonPhotography,97346.5
So I Had This Idea...,97217.0
Jon B.,96940.08333333333
Arden Rose,96311.0
SBS TV동물농장x애니멀봐,95967.0
Alicia Keys,95944.0
The Hollywood Reporter,95273.36363636363
Inthefrow,95177.0
Ingrid Nilsen,95105.21052631579
poofables,95085.0
CYNVEVO,95012.57142857143
Choir! Choir! Choir!,94238.75
Mecum Auctions,92229.5
Izac Less,92180.0
Henry Prince Mak,92089.16666666667
X Games,91461.33333333333
Confuse News,91429.0
Ryan Williams,91344.8
RawBeautyKristi,91168.4
Lily Pebbles,91167.0
INQUIRER.net,90591.88888888889
Carly and Erin,90509.8
Caters Clips,90454.0
Sevdaliza,90206.0
BillyCrammer,89872.0
Mike Diva,89843.16666666667
WildTurkeyBourbon,89389.875
EVNautilus,89132.0
12 News,88985.0
Joan Kim,88808.1875
Vote The Process,88806.75
ParsonJamesVEVO,88326.875
Amazon.co.uk,87609.0
Theme Park Review,87436.27272727272
NitroV2,87369.5
Srinath .S,87160.0
DJI,86896.5
BehindTheSounds,86830.25
The Thought Emporium,86605.0
mittromney,85937.57142857143
ByronTalbott,85908.90909090909
NIXOLAS,85106.875
startelegramvideo,84985.25
souviendra,84393.66666666667
KISS FM UK,84340.5
Special Books by Special Kids,84212.125
Bruce Land,83396.83333333333
Big Ten Network,83385.0
KickThePj,83200.0
Access Hollywood,83074.42857142857
StudiocanalUK,82951.42857142857
The Square to Spare,82519.66666666667
Tu Fan,82087.0
Hannah Meloche,81851.75
Burritoxman,81198.0
TNT,80524.85714285714
DamonAndJo,80479.6046511628
shurap,80082.0
Lotto New Zealand,79800.33333333333
AIA awards,79797.85714285714
kawaiisweetworld,79489.0
Duan Mackenzie,78612.66666666667
Chevrolet,78232.5
Andre Black Nerd,78182.33333333333
Kitten Lady,77668.71428571429
Brothers Green Eats,77630.0
Helen Anderson,77344.0
Derek Hough,77033.22222222222
Pomegranate Sunshine,76652.33333333333
Cleveland Cavaliers on cleveland.com,76495.5
Kayley Melissa,76269.13636363637
JAY,76103.75
ilikeweylie,75761.4
ColliderVideos,75047.13846153846
Dina Tokio,74964.0
neilyoungchannel,74919.5
Cloth Map,74650.66666666667
paul wheaton,73808.33333333333
The Unipiper,73707.2
colourpopcosmetics,72712.0
The Ohana Adventure,72373.14285714286
Christopher Davis,71965.85714285714
ThisDustIn,71580.66666666667
Al Jazeera English,71140.23076923077
Kyle Gunderson,71064.2
Jessica Braun | JAMbeauty89,70833.8
Hunter Hayes,70767.47368421052
The Cuddle Squad,70510.33333333333
Auralnauts,70392.0
Be Amazed,70041.4
Samantha Maria,69572.75
HANSON,68853.3
Peaceful Cuisine,68607.4
Cody'sLab Backup,68475.8
The Alex Jones Channel,68281.66666666667
Elton John,68162.83333333333
SnekTek,68132.66666666667
The Warp Zone,67939.5
Lauren Elizabeth,67290.4
Steeper33,67235.33333333333
The Bachelor Insider,66845.25
Chris Reinacher,65988.5
DrakeBellVEVO,65973.0
QUARTZ,65637.66666666667
ODE,65626.4
Cartoon Hangover,65541.5
Dustin Penner,65386.0
The Inertia,65371.0
RachelPlattenVEVO,65304.0
Merrell Twins Live,65037.142857142855
Midnight Video,64520.0
Sam Sheffer,64332.8
Symon,64217.8
Rappler,63956.333333333336
lisbug,63139.8
Amelia Liana,62102.0
Parks and Recreation,61847.142857142855
The Cincinnati Zoo & Botanical Garden,61430.5
ScreenJunkies News,61321.22727272727
SRAM MTB,61243.333333333336
Funny Or Die,60909.27272727273
JackJohnsonVEVO,60420.88888888889
BUILD Series,60281.36363636364
In Case You Missed It,60237.0
Steve TV Show,59292.22222222222
Gemma Stafford,59078.11111111111
FunForLouis,58948.857142857145
NFL World,58647.333333333336
Tony Baker Comedy,58567.71428571428
Viva La Dirt League,58365.0
Zach Simmons,58237.8
Samsung Mobile USA,57994.857142857145
Halfway Anywhere,57885.25
Honda,57871.5
ATPWorldTour,57150.666666666664
Turn10Studios,57047.375
Renault Sport,56951.0
Darren Criss,56809.8
FaeryInLoveInc,56657.25
CMT,56631.142857142855
Obama Foundation,56372.666666666664
Sara Dietschy,56189.52380952381
Associated Press,56154.794871794875
Katy Perry,56012.0
Spinach Dippa,55830.5
DreamCastle_629,55622.333333333336
Lifetime,55487.6
cgriesemer,55437.833333333336
Whitney Port,55398.0
nickjonas,55070.77777777778
Haru the Shiba Inu,54902.0
AutoGuide.com,54885.333333333336
MDNA SKIN,54611.0
UJ,54273.8
Chris Hadfield's Rare Earth,53901.4
Applied Science,53753.375
smoothiethecat,53509.0
Roadshow,53465.0
Useless Duck Company,53290.75
CMAVEVO,53074.0
Talks at Google,53000.0
East Idaho News,52998.0
Ivan Miranda,52229.333333333336
NASCAR,52176.11111111111
Specialized Bicycles,52144.25
razzark666,52074.0
3D Printing Nerd,52072.833333333336
TheGracieC,52031.333333333336
KFlayVEVO,51725.833333333336
Youtube Tea,51706.25
Errant Signal,51666.0
Penguin Books UK,51542.0
John Campea,51278.41818181818
Sherylcrow,51026.25
TimandFaithVEVO,50903.8
bigclivedotcom,50550.0
Brian Klug,50398.833333333336
Scott Manley,50272.6
AirPano,50206.0
Sound Bites,50153.833333333336
Livia Giustiniani,50064.25
Tryst Network,50059.6
XenonJohn,49529.77777777778
Function,49268.42857142857
Daelric,49143.5
heroedelahistoria,49126.166666666664
BenDeen,48768.0
Xbox,48735.0
Chicago Sun-Times,48226.42857142857
LaToya Forever,48160.2
Popular Woodworking,47862.0
Tom Daley,47746.4
mugumogu,47717.3
Topi The Corgi,47208.28571428572
LiveOverflow,47122.0
rollingstoneonline,47117.333333333336
Jalopnik,46877.4
Just Marcus,46706.0
Shantell Martin,46568.5
Senator Chris Murphy,46413.25
Sriram Murali,46136.444444444445
Sport Hub,46094.833333333336
Radio Andy,46036.5
Mark Ferris,45893.0
Business Insider UK,45619.846153846156
CFL Insider,45619.8
Pixielocks,45463.11111111111
Mental Floss,45452.61538461538
misleadingsilhouette,45096.0
MassMutual,44810.25
Missouri Star Quilt Company,44656.555555555555
Reach Records,44478.375
Lucy Moon,44372.666666666664
greyson97,43843.0
CrashCourse,43645.166666666664
GohmertTX01,43333.333333333336
Whitney Avalon,43178.333333333336
Nathan C,43110.4
42Fab - Metalworking and Multi-Medium Fabrication,42409.2
Canada Soccer,42309.0
Despierta América,41604.5
The Scran Line,41601.32432432433
Mercedes-Benz,41400.5
52 Skillz,41122.5
Will Darbyshire,40484.57142857143
LaMadelynn,40438.857142857145
"One List , One Life",40253.333333333336
TiffyQuake,39779.21428571428
nothorwitzer,39631.125
Big Cat Rescue,39491.0
Smyang Piano,39092.166666666664
PESfilm,38466.4
FreeDawkins,38171.0
PhilPhillipsVEVO,38068.0
Rainer Hilland,38004.6
Ryan Northover,37998.166666666664
Dylan Locke,37964.5
Marteen Estevez,37640.0
Invisible People,37434.0
Andy Grammer,37283.0
Adult Swim UK,37212.4
blvck King,36805.333333333336
Twin Shadow,36563.0
Us Weekly,36479.333333333336
The Atlantic,36448.454545454544
D3sports.com,36248.4
The Angie Martinez Show,36023.8
NASA,35375.666666666664
MOBO Awards,34862.75
Xscape - Topic,34439.0
Nicki Shields,34255.0
CityNews Toronto,34133.0
David Windestal,34070.2
David Jardine,34043.75
Chriselle Lim,34020.666666666664
Paul Sellers,34012.5
Whyte Foxx Music Videos & More,33972.0
Recode,33854.5
Mr Ben Brown,33756.5
FOX,33579.7
hudsonunionsociety,33348.71428571428
K Yuen,33260.0
Technomanila,32952.333333333336
reputationswift,32509.666666666668
StoryCorps,32469.2
Marco Reps,32273.428571428572
Chappell Roan,32037.0
Torm place,31976.75
Tony Berza,31724.0
Pac-12 Networks,31647.666666666668
SIRAH,31595.8
marjolijn2,31359.0
Movie'n'co UK,31183.25
Domain of Science,31031.0
melodysheep,30939.0
Fox Business,30859.125
Lawrence Livermore National Laboratory,30361.0
ClovesVEVO,30260.0
Sports Lovers n1,30229.6
TrainVEVO,30021.0
Mustache Wax,29968.333333333332
Michael Callaghan,29835.5
FloSports,29150.0
Highsnobiety,28826.6
Amanda Palmer,28740.5
RocketJump Film School,28714.75
Guinness World Records,28539.0
Benn and Gear,28523.5
WTHR,28490.714285714286
Writers Guild of America East,28486.333333333332
Mom Will Be Proud,28233.0
WE tv,27825.53846153846
David Steuer,27779.0
RealNewsNetworkMedia,27566.666666666668
Star Wars Coffee,27529.625
Hannah Witton,27292.0
Barcroft Animals,27291.88888888889
BrianJustinCrum,27010.0
The CGBros,26679.5
flirppy242,26674.0
BAFTA,26640.6
Hollyscoop,26379.0
It's a small world,26300.75
Kingsley,26257.4
Tim Barrett,26214.0
JimBrowski 96HourNews,26158.0
Daily Davidsons,26146.5
Kelly Eden,26143.0
PekingDukVEVO,26117.0
Bini the Bunny,26102.0
Movieclips Film Festivals & Indie Films,26033.0
Maddie Lymburner,26029.0
DrMachakil,25932.666666666668
Song Of Style,25851.2
shoaib246,25796.0
XFL,25687.25
Los Angeles Times,25659.7
The Royal Ocean Film Society,25528.5
lugeyps3,25269.0
E! News,25263.466666666667
Bloomberg,25251.5
Catch-Up TV,25009.5
fuzywazacolin,24769.0
Empire,24576.666666666668
Channel 4,24462.333333333332
Caravan Carolyn,24330.25
yeokm1,24311.0
Barstool Sports,24108.571428571428
NOLA.com,23874.428571428572
Jessica Kellgren-Fozard,23810.5
Smequle,23728.833333333332
The Tommy Edison Experience,23670.666666666668
Humble Design,23634.0
King Princess,23506.0
CBS Philly,23407.0
The Ringer,23297.4
MYSTERY SCIENCE THEATER 3000,22971.6
Karim Jovian,22777.5
Birdbox Studio,22695.0
American Bridge 21st Century,22690.0
CBS Chicago,22597.5
The Sports King,22228.2
Commercials Funny,22034.0
Kat Cunning,21913.0
Official Charts,21878.1
Terrormink,21834.0
Lamborghini,21792.5
Loudwire,21714.0
Tom Thum,21607.333333333332
Navenanthen Gepardieu,21125.25
Tina Nguyen,21031.4
gamelovercommercials,20525.5
SR Trailers and Interviews,20361.25
TraceyThornVEVO,20281.2
Turbo Conquering Mega Eagle,20208.0
Rachelleea,19792.4
Oscar Fury,19623.25
Genuine Survival Research Labs,19556.5
MK Dons,19479.0
ladygagaarraza,18916.0
Matoma,18867.333333333332
Unique Vibes,18864.6
MovieAccessTrailers,18582.0
cicigoodies2011,18277.333333333332
Apple Support,18072.4
Ben Rohrbach,17822.6
Onur Altuğ Sever,17689.166666666668
Feelunique,17557.0
First Aid Kit,17519.25
Royal Academy of Arts,17456.8
Aymeric Favard,17215.0
Momentum Pictures,17064.88888888889
LissieVEVO,16930.5
MisterWivesVEVO,16770.6
DopeBoyTroy,16753.6
Real World Records,16722.0
Emma Massingale,16609.0
pjmorton,16418.5
legofreedom1,16341.8
Summit,16329.4
LetsGoWarriors,16305.0
MiddleKidsVEVO,16216.5
AmandaMoor & Craft Ideas,16179.75
Vat19Nvjds,16138.666666666666
Elvis Duran Show,15917.5
The Players' Tribune,15707.333333333334
astroboy1960,15429.0
RetroManCave,15246.375
Syracuse Orange,15238.0
Healthcare Triage,14986.625
toofacedcosmetics,14808.5
FerrasVEVO,14731.666666666666
Topic,14646.25
GrDrtube,14289.0
Philadelphia 76ers,14162.8
RESSENCE WATCHES,14062.333333333334
WGA West,13911.0
Huw Parkinson,13762.166666666666
Hot Dad,13676.0
gzumwalt,13580.5
郭韋辰,13482.0
Kevin Noonan,13348.0
World Eyes,13255.5
Video Library,12941.333333333334
Fontgod,12677.8
Blockbuster,12609.0
Charles Chan,12515.0
BeyondSlowMotion,12468.0
Clark Zhu,12399.0
Business InsiderAu,12375.0
Bob Przybylo,12231.666666666666
theSkimm,12102.5
Ford Europe,11926.0
Audience Network,11847.666666666666
Stefany Gonzalez,11721.0
Represent.Us,11404.0
Hak5,11208.5
greeenpro,11182.333333333334
IGN News,11097.7
Dish Nation,11076.666666666666
bitluni's lab,10891.0
NoahKahanVEVO,10836.333333333334
FrownsUpsideDown,10833.0
RihannaNavyVevo,10754.0
Freemeo,10720.5
Bloomberg Politics,10719.333333333334
COVERGIRL,10655.2
SiggasNation™,10525.0
Kanimuna Kisaka,10522.0
Amarullah Rizky,10267.0
tovestyrkeVEVO,10238.666666666666
ROME REPORTS in English,10169.333333333334
NBA on ESPN,9871.4
Outback Steakhouse,9695.5
CoinDaddy,9577.0
Disneyland Experience,9434.333333333334
Davey Swatpaz,9416.0
Braxen McConnell,9396.0
Mark Linsangan,9391.5
TheUnlockr,9317.42857142857
Marcos Horacio,8833.0
Mike H,8814.25
730 WVFN,8779.2
Max Hertan,8686.5
Maker's Box,8593.333333333334
Hybrid Network,8540.5
Marie McGann,8508.5
Crafty Panda,8216.5
Mike Olbinski,8177.0
Freeform,7978.0
Trevor Wallace,7762.0
Viral Paws,7730.5
Austin Burk,7661.166666666667
WQAD News 8,7624.0
The University of Chicago,7546.0
Dean Anderson,7325.0
MARIO TESTINO,7290.4
Oceana,7284.0
Rainsford,7263.5
revlon,7130.0
FRANKIEmusicVEVO,7111.5
Shawn,7036.0
Gregg Peterson,6860.333333333333
WLKY News Louisville,6743.0
Flash Rahbbit,6680.5
Prince Marcus,6662.75
DKDKTV,6554.0
lugnutsoldcrap,6530.5
Stewart Brand,6412.0
ekaggrat singh kalsi,6393.5
Science vs Cinema,6320.0
edlover4real,6172.0
I'm With Her,6148.0
Red Bull Records,6092.666666666667
Spectrum Haleskarth,6061.75
Must Love Science,5962.0
Tegan and Sara,5951.666666666667
Rock & Roll Hall of Fame,5797.0
Plasma Channel,5665.0
Kita Osaka,5636.666666666667
Taylor Alexander,5584.0
PK Inventor,5509.0
Joshua Levin,5422.5
GinWigmoreVEVO,5341.0
MILCK,5334.0
Quad9 DNS,5313.333333333333
CNLohr,5224.0
Tamika Hall,5219.333333333333
LOFTON SHAW,5218.5
"monday.com, formerly dapulse",5181.333333333333
Nahre Sol,5149.0
Aerie,5144.0
Slednecks,5129.5
Milkmen Design,5126.75
NWSSanDiego,4983.0
CyclingTips,4955.5
Caterham Cars,4850.0
Geoff Mallinson,4787.666666666667
Skelly Robot,4767.0
Car Commercials of the Past,4755.25
Masters Of The Sun,4714.0
Electron Dust,4676.5
Any rubbish,4671.333333333333
Sieuwe Elferink,4590.5
UCAN Zippers USA,4549.333333333333
Madmorda,4541.0
Missguided,4371.0
JanPaul123,4253.0
iDB,4218.0
Eric Strebel,4150.9
John Varvatos,4093.6666666666665
FlyFastandLow,4059.0
VideoGameAds,3914.5
AFP news agency,3893.5
Billboard News,3862.75
IsraeliPM,3840.5
TDAmeritrade,3831.0
HARRY,3827.75
Carlos Campos,3811.25
Thomas Sebastian,3788.0
Voicebot,3715.6
Context Information Security,3696.0
daronjay,3663.6666666666665
RZSS Highland Wildlife Park,3625.25
NARLtv,3622.0
Republican News Watch,3596.0
Desktop Makes,3580.3333333333335
Entertainment Weekly,3553.5
The Current Source,3528.5
Radio Physics and Electronics,3489.5
Chris Sturgeon,3438.0
Kerry Wong,3415.6666666666665
Maggie Smith Kühn,3411.0
iotexpert,3355.6666666666665
YBF Chic,3338.090909090909
New York Magazine,3316.5
MickMake,3237.0
eba era,3233.0
jeremiah johnson,3187.25
NOVA's Secret Life of Scientists and Engineers,3185.0
VOsprey22,3142.6666666666665
Grist,3133.0
CIRCUITBEARD,3114.0
HOTSPOTATL,3110.3333333333335
vnbreyes,3068.25
Atlanta Hawks,3067.3333333333335
The Sydney Morning Herald,3064.2
Ross Kempsell,3013.5
FacelesswithEyesOpen,2920.0
F Milburn,2871.5
Voltfolio,2755.3333333333335
HACKADAY,2630.214285714286
negermano,2604.5
DaHoopSpot Productions,2588.6666666666665
WhatsApp Wacky,2585.0
Taras Malyar,2543.0
Tentmaker Pictures,2425.0
Kevin Stein,2383.6666666666665
Kevin Rabatin,2362.3333333333335
Bee Ly TV,2361.0
automotivemaster1972,2355.1666666666665
Saved By The Max,2336.0
Rob Andretti,2322.0
Speks,2289.5
National Safety Council,2277.3333333333335
Steve Kovach,2259.0
Penguin Books South Africa,2245.3333333333335
Saskatchewan Rush,2051.0
Na So We See Am,1977.6666666666667
Josh Levine,1939.6666666666667
Neil Fraser,1906.0
Define American,1856.75
The Nocturnal Alchemist,1856.0
Jenny Hanell,1827.0
CHauserable,1807.0
Pies Are Awesome,1791.0
littleBits Electronics,1787.0
Total Combat,1722.0
The Scam On Demand,1702.3333333333333
Michael Rigsby,1692.75
DraftExpress,1692.0
John Sellars,1587.2
dekuNukem,1545.3333333333333
Sarasota Police Department,1384.5
Facelesstech,1309.0
9-1-1 on FOX,1303.6666666666667
taalk com,1252.3333333333333
Cleveland Browns,1208.0
Vostok.bike,1161.0
J Gasser,1117.0
Adam Whitley,1017.6666666666666
Single Shot,983.6666666666666
University of Rochester EEOC Complainants,943.25
OjO Commuter Scooter by OjO Electric,853.0
Newsy,825.5
90s Commercials,773.0
Palo Alto Online,705.3333333333334
GoDucksdotcom,695.5
and a few that no one knows about! Make sure you say hello and hit the subscribe button,
video and feature stories to the world’s largest media publishers.,
pop culture,
"and culture.\\n\\nGarry Kasparov Answers Chess Questions From Twitter | Tech Support | WIRED\"",
under the direction of Roar Uthaug (“The Wave”),
how to boardslide,
Brie Larson,
"2018. (Joel Bissell | MLive.com)\"",
"and culture.\\n\\nGoogle Search Team Answers the Web's Most Searched Questions | WIRED\"",
” “Iron Man 3”).  The music is by Tom Holkenborg (“Mad Max: Fury Road”).,
ideas and guidance help her conquer her world with confidence and style.  Glamour is your guide to career and lifestyle advice. Discover the latest fashion trends,
"and culture.\\n\\nStranger Things Cast Answer the Web's Most Searched Questions | WIRED\"",
,
USA,
no I don't bleach or color my hair,
culture,
"and culture.\\n\\nTony Hawk Answers Skateboarding Questions From Twitter | Tech Support | WIRED\"",
& trying new things and adventures in new lands!,
the newsgathering process or whatever aspect of the news universe you find interesting or important. Subscribe: http://smarturl.it/AssociatedPress,
and restaurant guides. Stay current on the latest food trends,
and world affairs—Vanity Fair’s features and exclusive videos capture the people,
ingredients,
"and culture.\\n\\nWill Smith &amp; Joel Edgerton Answer the Web's Most Searched Questions | WIRED\"",
jade rollers,
"and culture.\\n\\nInside the Quest to Make Lab Grown Meat | WIRED\"",
“Tomb Raider.”,
"and culture.\\n\\nThe Ultimate Paper Airplane | WIRED\"",
"and culture.\\n\\nJohn Cena Answers the Web's Most Searched Questions | WIRED\"",
she refuses to take the reins of her father’s global empire just as staunchly as she rejects the idea that he’s truly gone.  Advised to face the facts and move forward after seven years without him,
” “Django Unchained”),
Michigan; 19-year-old Syrian refugee and advocate for girls' education Muzoon Almellehan; and 18-year-old model,
"and culture.\\n\\nExpert Explains One Concept in 5 Levels of Difficulty - Blockchain | WIRED\"",
"and culture.\\n\\nJerry Rice Answers Football Questions From Twitter | WIRED\"",
roundabout and marginally scientific adventure exploring fermented foods and more. From cultured butter and kombucha,
who—against the odds and armed with only her sharp mind,
"and culture.\\n\\nBlack Panther Cast Answers the Web's Most Searched Questions | WIRED\"",
videos,
a Warner Bros. Entertainment Company,
"and culture.\\n\\nInside Keanu Reeves' Custom Motorcycle Shop | WIRED\"",
"and culture.\\n\\nJerry Rice Answers Football Questions From Twitter | Tech Support | WIRED\"",
” says sex columnist and Viceland host Karley Sciortino ​of her unconventional go-to product,
Lorenzo’s,
product reviews,
"and culture.\\n\\nThe Last Jedi Cast Answers the Web's Most Searched Questions | WIRED\"",
lorighittas,
"and culture.\\n\\nWhy It's Almost Impossible to Do a Quintuple Jump | WIRED\"",
"and culture.\\n\\nSesame Street Puppeteers Explain How They Control Their Puppets | WIRED\"",
and the best of food,
"and culture.\\n\\nBlockchain Expert Explains One Concept in 5 Levels of Difficulty | WIRED\"",
bulky ring-box.\n\n**To use or license this video please contact Licensing@catersnews.com**,
deaths,
"and culture.\\n\\nVFX Expert Breaks Down The History of Shrinking People in Movies | WIRED\"",
providing high-quality,
"and culture.How Black Panther's Visual Effects Were Made | WIRED\"",
"and culture.\\n\\nHow This Guy Folds and Flies World Record Paper Airplanes | WIRED\"",
"and culture.\\n\\nAstronauts Answer 50 of the Most Googled Space Questions | WIRED\"",
Zedd's Grammy sits next to a poop emoji.,
"and culture.Terry Crews Answers the Web's Most Searched Questions | WIRED\"",
"and culture.James Cameron Answers Sci-Fi Questions From Twitter | WIRED\"",
"and culture.James Cameron Answers Sci-Fi Questions From Twitter | Tech Support | WIRED\"",
style advice,
"and culture.\\n\\nWhy It's Almost Impossible to Throw a 110 MPH Fastball | WIRED\"",
"and culture.Astronaut Chris Hadfield Debunks Space Myths | WIRED\"",
"and culture.\\n\\nAstronaut Chris Hadfield Debunks Space Myths | WIRED\"",
"and culture.\\n\\nJennifer Garner Answers the Web's Most Searched Questions | WIRED\"",
"and Meghan Markle | The New Yorker\"",
"and culture.\\n\\nJames Cameron Answers Sci-Fi Questions From Twitter | WIRED\"",
"and culture.\\n\\nTomb Raider's Alicia Vikander Answers the Web's Most Searched Questions | WIRED\"",
"and culture.Shawn Mendes Answers the Web's Most Searched Questions | WIRED\"",
